,Brand,Rating,Price,Review
0,SAMSUNG 253 L Frost Free Double Door 3 Star Refrigerator,"<div class=""_3LWZlK"">4.4<img class=""_1wB99o"" src=""data:image/svg+xml;base64,PHN2ZyB4bWxucz0iaHR0cDovL3d3dy53My5vcmcvMjAwMC9zdmciIHdpZHRoPSIxMyIgaGVpZ2h0PSIxMiI+PHBhdGggZmlsbD0iI0ZGRiIgZD0iTTYuNSA5LjQzOWwtMy42NzQgMi4yMy45NC00LjI2LTMuMjEtMi44ODMgNC4yNTQtLjQwNEw2LjUuMTEybDEuNjkgNC4wMSA0LjI1NC40MDQtMy4yMSAyLjg4Mi45NCA0LjI2eiIvPjwvc3ZnPg==""/></div>","<div class=""_30jeq3 _1_WHN1"">₹24,990</div>","<span> 1,791 Reviews</span>"
1,SAMSUNG 301 L Frost Free Double Door 2 Star Convertible Refrigerator,"<div class=""_3LWZlK"">4.3<img class=""_1wB99o"" src=""data:image/svg+xml;base64,PHN2ZyB4bWxucz0iaHR0cDovL3d3dy53My5vcmcvMjAwMC9zdmciIHdpZHRoPSIxMyIgaGVpZ2h0PSIxMiI+PHBhdGggZmlsbD0iI0ZGRiIgZD0iTTYuNSA5LjQzOWwtMy42NzQgMi4yMy45NC00LjI2LTMuMjEtMi44ODMgNC4yNTQtLjQwNEw2LjUuMTEybDEuNjkgNC4wMSA0LjI1NC40MDQtMy4yMSAyLjg4Mi45NCA0LjI2eiIvPjwvc3ZnPg==""/></div>","<div class=""_30jeq3 _1_WHN1"">₹32,990</div>",<span> 141 Reviews</span>
2,LG 242 L Frost Free Double Door 3 Star Refrigerator  with Smart Inverter,"<div class=""_3LWZlK"">4.4<img class=""_1wB99o"" src=""data:image/svg+xml;base64,PHN2ZyB4bWxucz0iaHR0cDovL3d3dy53My5vcmcvMjAwMC9zdmciIHdpZHRoPSIxMyIgaGVpZ2h0PSIxMiI+PHBhdGggZmlsbD0iI0ZGRiIgZD0iTTYuNSA5LjQzOWwtMy42NzQgMi4yMy45NC00LjI2LTMuMjEtMi44ODMgNC4yNTQtLjQwNEw2LjUuMTEybDEuNjkgNC4wMSA0LjI1NC40MDQtMy4yMSAyLjg4Mi45NCA0LjI2eiIvPjwvc3ZnPg==""/></div>","<div class=""_30jeq3 _1_WHN1"">₹25,990</div>",<span> 520 Reviews</span>
3,SAMSUNG 253 L Frost Free Double Door 3 Star Convertible Refrigerator,"<div class=""_3LWZlK"">4.4<img class=""_1wB99o"" src=""data:image/svg+xml;base64,PHN2ZyB4bWxucz0iaHR0cDovL3d3dy53My5vcmcvMjAwMC9zdmciIHdpZHRoPSIxMyIgaGVpZ2h0PSIxMiI+PHBhdGggZmlsbD0iI0ZGRiIgZD0iTTYuNSA5LjQzOWwtMy42NzQgMi4yMy45NC00LjI2LTMuMjEtMi44ODMgNC4yNTQtLjQwNEw2LjUuMTEybDEuNjkgNC4wMSA0LjI1NC40MDQtMy4yMSAyLjg4Mi45NCA0LjI2eiIvPjwvc3ZnPg==""/></div>","<div class=""_30jeq3 _1_WHN1"">₹26,490</div>","<span> 1,392 Reviews</span>"
4,SAMSUNG 236 L Frost Free Double Door 2 Star Refrigerator  with Digital Inverter,"<div class=""_3LWZlK"">4.4<img class=""_1wB99o"" src=""data:image/svg+xml;base64,PHN2ZyB4bWxucz0iaHR0cDovL3d3dy53My5vcmcvMjAwMC9zdmciIHdpZHRoPSIxMyIgaGVpZ2h0PSIxMiI+PHBhdGggZmlsbD0iI0ZGRiIgZD0iTTYuNSA5LjQzOWwtMy42NzQgMi4yMy45NC00LjI2LTMuMjEtMi44ODMgNC4yNTQtLjQwNEw2LjUuMTEybDEuNjkgNC4wMSA0LjI1NC40MDQtMy4yMSAyLjg4Mi45NCA0LjI2eiIvPjwvc3ZnPg==""/></div>","<div class=""_30jeq3 _1_WHN1"">₹22,890</div>",<span> 502 Reviews</span>
5,Godrej 260 L Frost Free Double Door 2 Star Refrigerator,"<div class=""_3LWZlK"">4.3<img class=""_1wB99o"" src=""data:image/svg+xml;base64,PHN2ZyB4bWxucz0iaHR0cDovL3d3dy53My5vcmcvMjAwMC9zdmciIHdpZHRoPSIxMyIgaGVpZ2h0PSIxMiI+PHBhdGggZmlsbD0iI0ZGRiIgZD0iTTYuNSA5LjQzOWwtMy42NzQgMi4yMy45NC00LjI2LTMuMjEtMi44ODMgNC4yNTQtLjQwNEw2LjUuMTEybDEuNjkgNC4wMSA0LjI1NC40MDQtMy4yMSAyLjg4Mi45NCA0LjI2eiIvPjwvc3ZnPg==""/></div>","<div class=""_30jeq3 _1_WHN1"">₹21,990</div>",<span> 543 Reviews</span>
6,Godrej 236 L Frost Free Double Door 2 Star Refrigerator,"<div class=""_3LWZlK"">4.3<img class=""_1wB99o"" src=""data:image/svg+xml;base64,PHN2ZyB4bWxucz0iaHR0cDovL3d3dy53My5vcmcvMjAwMC9zdmciIHdpZHRoPSIxMyIgaGVpZ2h0PSIxMiI+PHBhdGggZmlsbD0iI0ZGRiIgZD0iTTYuNSA5LjQzOWwtMy42NzQgMi4yMy45NC00LjI2LTMuMjEtMi44ODMgNC4yNTQtLjQwNEw2LjUuMTEybDEuNjkgNC4wMSA0LjI1NC40MDQtMy4yMSAyLjg4Mi45NCA0LjI2eiIvPjwvc3ZnPg==""/></div>","<div class=""_30jeq3 _1_WHN1"">₹19,990</div>",<span> 543 Reviews</span>
7,SAMSUNG 236 L Frost Free Double Door 2 Star Refrigerator with Base Drawer  with Digital Inverter,"<div class=""_3LWZlK"">4.4<img class=""_1wB99o"" src=""data:image/svg+xml;base64,PHN2ZyB4bWxucz0iaHR0cDovL3d3dy53My5vcmcvMjAwMC9zdmciIHdpZHRoPSIxMyIgaGVpZ2h0PSIxMiI+PHBhdGggZmlsbD0iI0ZGRiIgZD0iTTYuNSA5LjQzOWwtMy42NzQgMi4yMy45NC00LjI2LTMuMjEtMi44ODMgNC4yNTQtLjQwNEw2LjUuMTEybDEuNjkgNC4wMSA0LjI1NC40MDQtMy4yMSAyLjg4Mi45NCA0LjI2eiIvPjwvc3ZnPg==""/></div>","<div class=""_30jeq3 _1_WHN1"">₹23,990</div>",<span> 164 Reviews</span>
8,SAMSUNG 236 L Frost Free Double Door 2 Star Convertible Refrigerator  with Digital Inverter,"<div class=""_3LWZlK"">4.4<img class=""_1wB99o"" src=""data:image/svg+xml;base64,PHN2ZyB4bWxucz0iaHR0cDovL3d3dy53My5vcmcvMjAwMC9zdmciIHdpZHRoPSIxMyIgaGVpZ2h0PSIxMiI+PHBhdGggZmlsbD0iI0ZGRiIgZD0iTTYuNSA5LjQzOWwtMy42NzQgMi4yMy45NC00LjI2LTMuMjEtMi44ODMgNC4yNTQtLjQwNEw2LjUuMTEybDEuNjkgNC4wMSA0LjI1NC40MDQtMy4yMSAyLjg4Mi45NCA0LjI2eiIvPjwvc3ZnPg==""/></div>","<div class=""_30jeq3 _1_WHN1"">₹24,990</div>",<span> 397 Reviews</span>
9,Whirlpool 265 L Frost Free Double Door 3 Star Convertible Refrigerator,"<div class=""_3LWZlK"">4.3<img class=""_1wB99o"" src=""data:image/svg+xml;base64,PHN2ZyB4bWxucz0iaHR0cDovL3d3dy53My5vcmcvMjAwMC9zdmciIHdpZHRoPSIxMyIgaGVpZ2h0PSIxMiI+PHBhdGggZmlsbD0iI0ZGRiIgZD0iTTYuNSA5LjQzOWwtMy42NzQgMi4yMy45NC00LjI2LTMuMjEtMi44ODMgNC4yNTQtLjQwNEw2LjUuMTEybDEuNjkgNC4wMSA0LjI1NC40MDQtMy4yMSAyLjg4Mi45NCA0LjI2eiIvPjwvc3ZnPg==""/></div>","<div class=""_30jeq3 _1_WHN1"">₹27,740</div>","<span> 1,397 Reviews</span>"
10,Haier 240 L Frost Free Double Door 3 Star Convertible Refrigerator,"<div class=""_3LWZlK"">4.4<img class=""_1wB99o"" src=""data:image/svg+xml;base64,PHN2ZyB4bWxucz0iaHR0cDovL3d3dy53My5vcmcvMjAwMC9zdmciIHdpZHRoPSIxMyIgaGVpZ2h0PSIxMiI+PHBhdGggZmlsbD0iI0ZGRiIgZD0iTTYuNSA5LjQzOWwtMy42NzQgMi4yMy45NC00LjI2LTMuMjEtMi44ODMgNC4yNTQtLjQwNEw2LjUuMTEybDEuNjkgNC4wMSA0LjI1NC40MDQtMy4yMSAyLjg4Mi45NCA0LjI2eiIvPjwvc3ZnPg==""/></div>","<div class=""_30jeq3 _1_WHN1"">₹23,990</div>",<span> 395 Reviews</span>
11,Whirlpool 240 L Frost Free Triple Door Refrigerator,"<div class=""_3LWZlK"">4.4<img class=""_1wB99o"" src=""data:image/svg+xml;base64,PHN2ZyB4bWxucz0iaHR0cDovL3d3dy53My5vcmcvMjAwMC9zdmciIHdpZHRoPSIxMyIgaGVpZ2h0PSIxMiI+PHBhdGggZmlsbD0iI0ZGRiIgZD0iTTYuNSA5LjQzOWwtMy42NzQgMi4yMy45NC00LjI2LTMuMjEtMi44ODMgNC4yNTQtLjQwNEw2LjUuMTEybDEuNjkgNC4wMSA0LjI1NC40MDQtMy4yMSAyLjg4Mi45NCA0LjI2eiIvPjwvc3ZnPg==""/></div>","<div class=""_30jeq3 _1_WHN1"">₹25,790</div>","<span> 2,199 Reviews</span>"
12,Whirlpool 300 L Frost Free Triple Door Refrigerator,"<div class=""_3LWZlK"">4.3<img class=""_1wB99o"" src=""data:image/svg+xml;base64,PHN2ZyB4bWxucz0iaHR0cDovL3d3dy53My5vcmcvMjAwMC9zdmciIHdpZHRoPSIxMyIgaGVpZ2h0PSIxMiI+PHBhdGggZmlsbD0iI0ZGRiIgZD0iTTYuNSA5LjQzOWwtMy42NzQgMi4yMy45NC00LjI2LTMuMjEtMi44ODMgNC4yNTQtLjQwNEw2LjUuMTEybDEuNjkgNC4wMSA0LjI1NC40MDQtMy4yMSAyLjg4Mi45NCA0LjI2eiIvPjwvc3ZnPg==""/></div>","<div class=""_30jeq3 _1_WHN1"">₹31,090</div>",<span> 606 Reviews</span>
13,Godrej 244 L Frost Free Double Door 3 Star Convertible Refrigerator,"<div class=""_3LWZlK"">4.1<img class=""_1wB99o"" src=""data:image/svg+xml;base64,PHN2ZyB4bWxucz0iaHR0cDovL3d3dy53My5vcmcvMjAwMC9zdmciIHdpZHRoPSIxMyIgaGVpZ2h0PSIxMiI+PHBhdGggZmlsbD0iI0ZGRiIgZD0iTTYuNSA5LjQzOWwtMy42NzQgMi4yMy45NC00LjI2LTMuMjEtMi44ODMgNC4yNTQtLjQwNEw2LjUuMTEybDEuNjkgNC4wMSA0LjI1NC40MDQtMy4yMSAyLjg4Mi45NCA0LjI2eiIvPjwvc3ZnPg==""/></div>","<div class=""_30jeq3 _1_WHN1"">₹25,790</div>",<span> 84 Reviews</span>
14,"SAMSUNG 224 L Frost Free Double Door 2 Star Convertible Refrigerator  with Curd Maestro,Digital Invert...","<div class=""_3LWZlK"">4.3<img class=""_1wB99o"" src=""data:image/svg+xml;base64,PHN2ZyB4bWxucz0iaHR0cDovL3d3dy53My5vcmcvMjAwMC9zdmciIHdpZHRoPSIxMyIgaGVpZ2h0PSIxMiI+PHBhdGggZmlsbD0iI0ZGRiIgZD0iTTYuNSA5LjQzOWwtMy42NzQgMi4yMy45NC00LjI2LTMuMjEtMi44ODMgNC4yNTQtLjQwNEw2LjUuMTEybDEuNjkgNC4wMSA0LjI1NC40MDQtMy4yMSAyLjg4Mi45NCA0LjI2eiIvPjwvc3ZnPg==""/></div>","<div class=""_30jeq3 _1_WHN1"">₹24,990</div>",<span> 205 Reviews</span>
15,Haier 237 L Frost Free Double Door 2 Star Convertible Refrigerator,"<div class=""_3LWZlK"">4.4<img class=""_1wB99o"" src=""data:image/svg+xml;base64,PHN2ZyB4bWxucz0iaHR0cDovL3d3dy53My5vcmcvMjAwMC9zdmciIHdpZHRoPSIxMyIgaGVpZ2h0PSIxMiI+PHBhdGggZmlsbD0iI0ZGRiIgZD0iTTYuNSA5LjQzOWwtMy42NzQgMi4yMy45NC00LjI2LTMuMjEtMi44ODMgNC4yNTQtLjQwNEw2LjUuMTEybDEuNjkgNC4wMSA0LjI1NC40MDQtMy4yMSAyLjg4Mi45NCA0LjI2eiIvPjwvc3ZnPg==""/></div>","<div class=""_30jeq3 _1_WHN1"">₹22,990</div>",<span> 395 Reviews</span>
16,"LG 246 L Frost Free Double Door 3 Star Convertible Refrigerator  with Inverter Compressor, Express Fre...","<div class=""_3LWZlK"">5<img class=""_1wB99o"" src=""data:image/svg+xml;base64,PHN2ZyB4bWxucz0iaHR0cDovL3d3dy53My5vcmcvMjAwMC9zdmciIHdpZHRoPSIxMyIgaGVpZ2h0PSIxMiI+PHBhdGggZmlsbD0iI0ZGRiIgZD0iTTYuNSA5LjQzOWwtMy42NzQgMi4yMy45NC00LjI2LTMuMjEtMi44ODMgNC4yNTQtLjQwNEw2LjUuMTEybDEuNjkgNC4wMSA0LjI1NC40MDQtMy4yMSAyLjg4Mi45NCA0LjI2eiIvPjwvc3ZnPg==""/></div>","<div class=""_30jeq3 _1_WHN1"">₹28,990</div>",<span> 1 Reviews</span>
17,Godrej 236 L Frost Free Double Door 2 Star Refrigerator,"<div class=""_3LWZlK"">4.3<img class=""_1wB99o"" src=""data:image/svg+xml;base64,PHN2ZyB4bWxucz0iaHR0cDovL3d3dy53My5vcmcvMjAwMC9zdmciIHdpZHRoPSIxMyIgaGVpZ2h0PSIxMiI+PHBhdGggZmlsbD0iI0ZGRiIgZD0iTTYuNSA5LjQzOWwtMy42NzQgMi4yMy45NC00LjI2LTMuMjEtMi44ODMgNC4yNTQtLjQwNEw2LjUuMTEybDEuNjkgNC4wMSA0LjI1NC40MDQtMy4yMSAyLjg4Mi45NCA0LjI2eiIvPjwvc3ZnPg==""/></div>","<div class=""_30jeq3 _1_WHN1"">₹19,990</div>",<span> 701 Reviews</span>
18,Whirlpool 245 L Frost Free Double Door 2 Star Refrigerator,"<div class=""_3LWZlK"">4.3<img class=""_1wB99o"" src=""data:image/svg+xml;base64,PHN2ZyB4bWxucz0iaHR0cDovL3d3dy53My5vcmcvMjAwMC9zdmciIHdpZHRoPSIxMyIgaGVpZ2h0PSIxMiI+PHBhdGggZmlsbD0iI0ZGRiIgZD0iTTYuNSA5LjQzOWwtMy42NzQgMi4yMy45NC00LjI2LTMuMjEtMi44ODMgNC4yNTQtLjQwNEw2LjUuMTEybDEuNjkgNC4wMSA0LjI1NC40MDQtMy4yMSAyLjg4Mi45NCA0LjI2eiIvPjwvc3ZnPg==""/></div>","<div class=""_30jeq3 _1_WHN1"">₹22,190</div>",<span> 341 Reviews</span>
19,SAMSUNG 345 L Frost Free Double Door 3 Star Convertible Refrigerator,"<div class=""_3LWZlK"">4.3<img class=""_1wB99o"" src=""data:image/svg+xml;base64,PHN2ZyB4bWxucz0iaHR0cDovL3d3dy53My5vcmcvMjAwMC9zdmciIHdpZHRoPSIxMyIgaGVpZ2h0PSIxMiI+PHBhdGggZmlsbD0iI0ZGRiIgZD0iTTYuNSA5LjQzOWwtMy42NzQgMi4yMy45NC00LjI2LTMuMjEtMi44ODMgNC4yNTQtLjQwNEw2LjUuMTEybDEuNjkgNC4wMSA0LjI1NC40MDQtMy4yMSAyLjg4Mi45NCA0LjI2eiIvPjwvc3ZnPg==""/></div>","<div class=""_30jeq3 _1_WHN1"">₹35,990</div>",<span> 729 Reviews</span>
20,SAMSUNG 324 L Frost Free Double Door 3 Star Convertible Refrigerator,"<div class=""_3LWZlK"">4.3<img class=""_1wB99o"" src=""data:image/svg+xml;base64,PHN2ZyB4bWxucz0iaHR0cDovL3d3dy53My5vcmcvMjAwMC9zdmciIHdpZHRoPSIxMyIgaGVpZ2h0PSIxMiI+PHBhdGggZmlsbD0iI0ZGRiIgZD0iTTYuNSA5LjQzOWwtMy42NzQgMi4yMy45NC00LjI2LTMuMjEtMi44ODMgNC4yNTQtLjQwNEw2LjUuMTEybDEuNjkgNC4wMSA0LjI1NC40MDQtMy4yMSAyLjg4Mi45NCA0LjI2eiIvPjwvc3ZnPg==""/></div>","<div class=""_30jeq3 _1_WHN1"">₹34,490</div>",<span> 495 Reviews</span>
21,Godrej 255 L Frost Free Double Door 2 Star Refrigerator,"<div class=""_3LWZlK"">4.3<img class=""_1wB99o"" src=""data:image/svg+xml;base64,PHN2ZyB4bWxucz0iaHR0cDovL3d3dy53My5vcmcvMjAwMC9zdmciIHdpZHRoPSIxMyIgaGVpZ2h0PSIxMiI+PHBhdGggZmlsbD0iI0ZGRiIgZD0iTTYuNSA5LjQzOWwtMy42NzQgMi4yMy45NC00LjI2LTMuMjEtMi44ODMgNC4yNTQtLjQwNEw2LjUuMTEybDEuNjkgNC4wMSA0LjI1NC40MDQtMy4yMSAyLjg4Mi45NCA0LjI2eiIvPjwvc3ZnPg==""/></div>","<div class=""_30jeq3 _1_WHN1"">₹21,490</div>",<span> 92 Reviews</span>
22,Whirlpool 245 L Frost Free Double Door 2 Star Refrigerator,"<div class=""_3LWZlK"">4.1<img class=""_1wB99o"" src=""data:image/svg+xml;base64,PHN2ZyB4bWxucz0iaHR0cDovL3d3dy53My5vcmcvMjAwMC9zdmciIHdpZHRoPSIxMyIgaGVpZ2h0PSIxMiI+PHBhdGggZmlsbD0iI0ZGRiIgZD0iTTYuNSA5LjQzOWwtMy42NzQgMi4yMy45NC00LjI2LTMuMjEtMi44ODMgNC4yNTQtLjQwNEw2LjUuMTEybDEuNjkgNC4wMSA0LjI1NC40MDQtMy4yMSAyLjg4Mi45NCA0LjI2eiIvPjwvc3ZnPg==""/></div>","<div class=""_30jeq3 _1_WHN1"">₹22,990</div>",<span> 6 Reviews</span>
23,Whirlpool 260 L Frost Free Triple Door Refrigerator,"<div class=""_3LWZlK"">4.4<img class=""_1wB99o"" src=""data:image/svg+xml;base64,PHN2ZyB4bWxucz0iaHR0cDovL3d3dy53My5vcmcvMjAwMC9zdmciIHdpZHRoPSIxMyIgaGVpZ2h0PSIxMiI+PHBhdGggZmlsbD0iI0ZGRiIgZD0iTTYuNSA5LjQzOWwtMy42NzQgMi4yMy45NC00LjI2LTMuMjEtMi44ODMgNC4yNTQtLjQwNEw2LjUuMTEybDEuNjkgNC4wMSA0LjI1NC40MDQtMy4yMSAyLjg4Mi45NCA0LjI2eiIvPjwvc3ZnPg==""/></div>","<div class=""_30jeq3 _1_WHN1"">₹27,490</div>",<span> 685 Reviews</span>
